title;link;price;region
Volvo XC90;https://kolesa.kz/a/show/102707816;3 999 999₸;Нур-Султан (Астана)
Volvo XC90;https://kolesa.kz/a/show/106680372;30 200 000₸;Алматы
Volvo V70;https://kolesa.kz/a/show/104613722;3 300 000₸;Алматы
Volvo 940;https://kolesa.kz/a/show/106500752;1 100 000₸;Павлодар
Volvo V40;https://kolesa.kz/a/show/106583674;750 000₸;Алматы
Volvo S40;https://kolesa.kz/a/show/106546881;4 000 007₸;Алматы
Volvo XC90;https://kolesa.kz/a/show/106789129;2 999 999₸;Нур-Султан (Астана)
Volvo XC90;https://kolesa.kz/a/show/106783492;2 500 000₸;Нур-Султан (Астана)
Volvo 940;https://kolesa.kz/a/show/106375276;2 100 000₸;Семей
Volvo C30;https://kolesa.kz/a/show/44816554;4 500 000₸;Алматы
Volvo 960;https://kolesa.kz/a/show/105533648;990 000₸;Алматы
Volvo 940;https://kolesa.kz/a/show/105954804;700 000₸;Алматы
Volvo S90;https://kolesa.kz/a/show/103386904;22 500 000₸;Алматы
Volvo XC60;https://kolesa.kz/a/show/103391719;25 200 000₸;Алматы
Volvo XC40;https://kolesa.kz/a/show/103387214;19 670 000₸;Алматы
Volvo XC90;https://kolesa.kz/a/show/105481875;3 800 000₸;Нур-Султан (Астана)
Volvo XC90;https://kolesa.kz/a/show/102960263;2 600 000₸;Алматы
Volvo V40;https://kolesa.kz/a/show/105837017;1 900 000₸;Алматы
Volvo XC90;https://kolesa.kz/a/show/106130522;4 500 000₸;Алматы
Volvo 960;https://kolesa.kz/a/show/106122949;1 420 000₸;Нур-Султан (Астана)
Volvo S80;https://kolesa.kz/a/show/106109674;1 900 000₸;Алматы
Volvo S80;https://kolesa.kz/a/show/105444643;2 000 000₸;Алматы
Volvo XC70;https://kolesa.kz/a/show/92442072;2 700 000₸;Алматы
Volvo S80;https://kolesa.kz/a/show/105777856;2 300 000₸;Атырау
